"","kValue","RelMLEPoly"
"1",1,0.868159513483709
"2",2,0.892442393921817
"3",3,0.875918334165961
"4",4,0.879595126903183
"5",5,0.882633126061039
"6",6,0.879568940208695
"7",7,0.864545820445358
"8",8,0.860621625530568
"9",9,0.875886981934847
"10",10,0.880616040390247
"11",11,0.824048150908282
"12",13,0.399985126092055
"13",14,0.564740411226233
